Plant_Name,Scientific_Name,Nucleotide,Genome_Sequence,mRNA_Sequence,NCBI_link
Absinthium / Wormwood,Artemisia absinthium,171,166,5,https://www.ncbi.nlm.nih.gov/datasets/taxonomy/72332/
Aloevera / acibar / babosa / Barbados aloe / Ghee Kunwar / Aloes,Aloe barbadensis Miller,257,232,23,https://www.ncbi.nlm.nih.gov/datasets/taxonomy/34199/
Amla / Emblic / Indian-gooseberry,Phyllanthus emblica,177,150,26,https://www.ncbi.nlm.nih.gov/datasets/taxonomy/296036/
Ankol / Sage leaf alangium,Alangium salviifolium,53,39,14,https://www.ncbi.nlm.nih.gov/datasets/taxonomy/616984/
Arracacha,Arracacia xanthorrhiza,59,58,1,https://www.ncbi.nlm.nih.gov/datasets/taxonomy/264540/
Ashoka Tree,Saraca asoca,142,132,10,https://www.ncbi.nlm.nih.gov/datasets/taxonomy/1073321/
Ashwangandha,Withania somnifera,"74,640",214,914,https://www.ncbi.nlm.nih.gov/datasets/taxonomy/126910/
Assam tea,Camellia sinensis var. assamica,"11,895","1,055","10,840",https://www.ncbi.nlm.nih.gov/datasets/taxonomy/261999/
Aatki / Serpentwood,Rauvolfia serpentina (L.) Benth. Ex Kurz,"99,649",100,"99,549",https://www.ncbi.nlm.nih.gov/datasets/taxonomy/4060/
Aguru / Agarkasth / Eagle Wood,Aquilaria agallocha,"15,254","15,215",39,https://www.ncbi.nlm.nih.gov/datasets/taxonomy/1472648/
Akarkara / Pellitory,Anacyclus pyrethrum,29,29,0,https://www.ncbi.nlm.nih.gov/datasets/taxonomy/159698/
Alasyakampa,Acampe papillosa (Lindl.) Lindl.,17,17,0,https://www.ncbi.nlm.nih.gov/datasets/taxonomy/339027/
Ambrosia,Ambrosia artemisifolia,"9,486","6,469",167,https://www.ncbi.nlm.nih.gov/datasets/taxonomy/4212/
Australian / Ibogaine Bush / Iodine Bush,Tabernaemontana orientalis R.Br.,1,1,0,https://www.ncbi.nlm.nih.gov/datasets/taxonomy/715769/
Anantamool / Naruneendi / Nannari,Hemidesmus indicus,59,58,1,https://www.ncbi.nlm.nih.gov/datasets/taxonomy/63476/
Apamarga,Achyranthes bidentata Blume,"1,110","1,072",38,https://www.ncbi.nlm.nih.gov/datasets/taxonomy/384659/
Apple,Malus pumila,158,77,77,https://www.ncbi.nlm.nih.gov/datasets/taxonomy/283210/
Apricot,Prunus armeniaca,"115,132","1,550","15,294",https://www.ncbi.nlm.nih.gov/datasets/taxonomy/36596/
Aster,Aster tataricus,54,48,6,https://www.ncbi.nlm.nih.gov/datasets/taxonomy/588669/
Astragalus,Astragalus spp.,"8,496","8,088",405,https://www.ncbi.nlm.nih.gov/datasets/taxonomy/20400/
Atees / Indian Ateeq,Aconitum heterophyllum,63,62,1,https://www.ncbi.nlm.nih.gov/datasets/taxonomy/279769/
Avocado,Persea americana,"17,955","1,106","16,845",https://www.ncbi.nlm.nih.gov/datasets/taxonomy/3435/
Ayapaan,Ayapana triplinervis,35,4,31,https://www.ncbi.nlm.nih.gov/datasets/taxonomy/1090619/
Babool / Indian Gum,Acacia arabica Willd,15,15,0,https://www.ncbi.nlm.nih.gov/datasets/taxonomy/658885/
Bahera,Terminalia bellirica,98,98,0,https://www.ncbi.nlm.nih.gov/datasets/taxonomy/155021/
Bala,Sida cordifolia,79,66,13,https://www.ncbi.nlm.nih.gov/datasets/taxonomy/108362/
Bamboo,Bambusa vulgaris,212,212,0,https://www.ncbi.nlm.nih.gov/datasets/taxonomy/58168/
Bamunhati,Clerodendrum indicum (L.) Ktze,124,124,0,https://www.ncbi.nlm.nih.gov/datasets/taxonomy/680190/
Banana,Musa paradisiaca,"50,427",826,"49,598",https://www.ncbi.nlm.nih.gov/datasets/taxonomy/89151/
Basil / Sweet basil,Ocimum basilicum,"24,299",423,"23,873",https://www.ncbi.nlm.nih.gov/datasets/taxonomy/39350/ 
Barakanghi,Abutilon hirtum (Lam.) Sweet,3,3,0,https://www.ncbi.nlm.nih.gov/datasets/taxonomy/2511949/
Bael / Bilwa,Aegle Marmelos Corr. Ex. Roxb. Rutaceae,111,102,9,https://www.ncbi.nlm.nih.gov/datasets/taxonomy/68527/
Beetroot,Beta vulgaris,"5,96,816","4,64,380","1,23,193",https://www.ncbi.nlm.nih.gov/datasets/taxonomy/161934/
Broccoli,Brassica oleracea,"10,25,240","7,20,508","2,36,697",https://www.ncbi.nlm.nih.gov/datasets/taxonomy/3712/
Bearberry / Kinnikinnick,Arctostaphylos uva-ursi,463,463,0,https://www.ncbi.nlm.nih.gov/datasets/taxonomy/84009/
Betony / Bishop's-wort,Betonica officinalis,164,163,1,https://www.ncbi.nlm.nih.gov/datasets/taxonomy/53173/
Bharangi / Blue glory,Rotheca serrata,56,56,0,https://www.ncbi.nlm.nih.gov/datasets/taxonomy/1158923/
Bhelwa,Semecarpus anacardium,5,5,0,https://www.ncbi.nlm.nih.gov/datasets/taxonomy/289767/
Bhojpatra / cao pi hua / Himalayan birch,Betula utilis,105,105,0,https://www.ncbi.nlm.nih.gov/datasets/taxonomy/228163/
Bhringaraj,Eclipta prostrata,169,163,6,https://www.ncbi.nlm.nih.gov/datasets/taxonomy/53719/
Bidens,Bidens pilosa,196,188,8,https://www.ncbi.nlm.nih.gov/datasets/taxonomy/42337/
Bitter melon / balsam pear / bitter gourd / Karon Akhaba / Karela,Momordica charantia,"1,39,841","1,971","28,814",https://www.ncbi.nlm.nih.gov/datasets/taxonomy/3673/
Black walnut,Juglans nigra,289,197,92,https://www.ncbi.nlm.nih.gov/datasets/taxonomy/16719/
Blackcurrant,Ribes nigrum,"6,365",70,"6,295",https://www.ncbi.nlm.nih.gov/datasets/taxonomy/78511/
Blue cohosh,Caulophyllum thalictroides,44,44,0,https://www.ncbi.nlm.nih.gov/datasets/taxonomy/46963/
Boneset,Eupatorium perfoliatum,44,44,0,https://www.ncbi.nlm.nih.gov/datasets/taxonomy/102777/
Brahmi / water hyssop,Bacopa monnieri,138,86,52,https://www.ncbi.nlm.nih.gov/datasets/taxonomy/263974/
Brihati,Solanum indicum Linn.,45,44,0,https://www.ncbi.nlm.nih.gov/datasets/taxonomy/227722/
Broom,Cytisus scoparius,"1,241","1,241",0,https://www.ncbi.nlm.nih.gov/datasets/taxonomy/3835/
Bryophyllum / Panfuti,Kalanchoe pinnata,67,46,21,https://www.ncbi.nlm.nih.gov/datasets/taxonomy/80913/
Calabash,Lagenaria siceraria,"49,145","49,136",8,https://www.ncbi.nlm.nih.gov/datasets/taxonomy/3668/
Cress,Lepidium sativum,368,63,305,https://www.ncbi.nlm.nih.gov/datasets/taxonomy/33125/
Calendula / Marigold,Calendula officinalis,154,132,22,https://www.ncbi.nlm.nih.gov/datasets/taxonomy/41496/
California poppy,Eschscholzia californica,"17,099",304,"16,795",https://www.ncbi.nlm.nih.gov/datasets/taxonomy/3467/
Camphor,Cinnamomum camphora,675,413,262,https://www.ncbi.nlm.nih.gov/datasets/taxonomy/13429/
Canada thistle,Cirsium arvense,407,229,178,https://www.ncbi.nlm.nih.gov/datasets/taxonomy/41550/
Cardamom / Dalchini,Elettaria cardamomum,148,142,6,https://www.ncbi.nlm.nih.gov/datasets/taxonomy/105181/
Carrot,Daucus carota,"88,918","10,298","67,822",https://www.ncbi.nlm.nih.gov/datasets/taxonomy/4039/
Celery,Apium graveolens,"3,496",905,"2,590",https://www.ncbi.nlm.nih.gov/datasets/taxonomy/4045/
Chamomile,Matricaria chamomilla,501,404,97,https://www.ncbi.nlm.nih.gov/datasets/taxonomy/98504/
Chickweed,Stellaria media,336,167,167,https://www.ncbi.nlm.nih.gov/datasets/taxonomy/13274/
Chicory,Cichorium intybus,"54,946",703,"54,240",https://www.ncbi.nlm.nih.gov/datasets/taxonomy/13427/
Chinese chastetree / Huang ping / Five-leaved Chaste Tree / Nirgundi,Vitex negundo,254,202,52,https://www.ncbi.nlm.nih.gov/datasets/taxonomy/361442/
Chirata / Kiratatikta,Swertia chirayita,140,138,2,https://www.ncbi.nlm.nih.gov/datasets/taxonomy/137887/
Chitrak / Ceylon leadwort,Plumbago zeylanica,"1,966",106,"1,860",https://www.ncbi.nlm.nih.gov/datasets/taxonomy/76149/
Cinnamon / Ceylon cinnamon,Cinnamomum verum,153,153,0,https://www.ncbi.nlm.nih.gov/datasets/taxonomy/128608/
Clove,Syzygium aromaticum,73,73,0,https://www.ncbi.nlm.nih.gov/datasets/taxonomy/219868/
Cnidium,Cnidium monnieri,101,97,4,https://www.ncbi.nlm.nih.gov/datasets/taxonomy/94007/
Columbine,Aquilegia vulgaris,200,194,6,https://www.ncbi.nlm.nih.gov/datasets/taxonomy/3451/
Comfrey,Symphytum officinale,48,38,10,https://www.ncbi.nlm.nih.gov/datasets/taxonomy/278672/
Common milkweed,Asclepias syriaca,104,97,6,https://www.ncbi.nlm.nih.gov/datasets/taxonomy/48545/
Coriander / cilantro,Coriandrum sativum,197,148,41,https://www.ncbi.nlm.nih.gov/datasets/taxonomy/4047/
Corn,Zea mays,"4,883,593","26,13,627","22,48,738",https://www.ncbi.nlm.nih.gov/datasets/taxonomy/4577/
Cornelian cherry,Cornus mas,54,49,5,https://www.ncbi.nlm.nih.gov/datasets/taxonomy/4285/
Cornflower,Centaurea cyanus,202,172,30,https://www.ncbi.nlm.nih.gov/datasets/taxonomy/41522/
Corydalis,Corydalis yanhusuo,119,90,29,https://www.ncbi.nlm.nih.gov/datasets/taxonomy/458692/
Cosmos,Cosmos bipinnatus,47,46,0,https://www.ncbi.nlm.nih.gov/datasets/taxonomy/51277/
Costus / Kuth,Saussurea costus,109,104,5,https://www.ncbi.nlm.nih.gov/datasets/taxonomy/324593/
Cranberry,Vaccinium oxycoccos,209,209,0,https://www.ncbi.nlm.nih.gov/datasets/taxonomy/516948/
Cucumber,Cucumis sativus,"1,48,810","75,201","67,418",https://www.ncbi.nlm.nih.gov/datasets/taxonomy/3659/
Culantro,Eryngium foetidum,58,58,0,https://www.ncbi.nlm.nih.gov/datasets/taxonomy/477864/
Dandelion,Taraxacum officinale,"42,414",950,"41,463",https://www.ncbi.nlm.nih.gov/datasets/taxonomy/50225/
Daru haridra,Berberis aristata,92,92,0,https://www.ncbi.nlm.nih.gov/datasets/taxonomy/659592/
Devil's claw / Kalahari devil's claw,Harpagophytum procumbens,131,131,0,https://www.ncbi.nlm.nih.gov/datasets/taxonomy/222879/
Dhawaifool,Woodfordia fruticosa,38,38,0,https://www.ncbi.nlm.nih.gov/datasets/taxonomy/141189/
Dill,Anethum graveolens,172,167,5,https://www.ncbi.nlm.nih.gov/datasets/taxonomy/40922/
Echinacea / Coneflower,Echinacea purpurea,153,108,45,https://www.ncbi.nlm.nih.gov/datasets/taxonomy/53751/
Epazote / Alpasotes / American wormseed / Jerusalem-tea,Dysphania ambrosioides,208,208,0,https://www.ncbi.nlm.nih.gov/datasets/taxonomy/330163/
Eucalyptus,Eucalyptus globulus,"29,636",591,"29,042",https://www.ncbi.nlm.nih.gov/datasets/taxonomy/34317/
Eyebright,Euphrasia officinalis,7,7,0,https://www.ncbi.nlm.nih.gov/datasets/taxonomy/290213/
Fennel,Anethum foeniculum,251,237,13,https://www.ncbi.nlm.nih.gov/datasets/taxonomy/2849586/
Fenugreek,Trigonella foenum-graecum,147,111,24,https://www.ncbi.nlm.nih.gov/datasets/taxonomy/78534/
Feverfew,Tanacetum parthenium,98,63,35,https://www.ncbi.nlm.nih.gov/datasets/taxonomy/127999/
Flax seed,Linum usitatissimum,"3,80,598","91,037","2,89,559",https://www.ncbi.nlm.nih.gov/datasets/taxonomy/4006/
Gray santolina,Santolina chamaecyparissus,83,83,0,https://www.ncbi.nlm.nih.gov/datasets/taxonomy/41644/
Fly agaric,Amanita muscaria,"1,814","1,736",78,https://www.ncbi.nlm.nih.gov/datasets/taxonomy/41956/
Forskohlii,Plectranthus barbatus,"3,415",70,"3,341",https://www.ncbi.nlm.nih.gov/datasets/taxonomy/41228/
Fuller's teasel,Dipsacus fullonum,54,53,1,https://www.ncbi.nlm.nih.gov/datasets/taxonomy/183561/
Gamar,Gmelina arborea Roxb.,"19,971",100,2,https://www.ncbi.nlm.nih.gov/datasets/taxonomy/201509/
Garlic,Allium sativum,"1,02,903",833,"1,02,067",https://www.ncbi.nlm.nih.gov/datasets/taxonomy/4682/
Ghaypat,Agave americana L.,71,62,8,https://www.ncbi.nlm.nih.gov/datasets/taxonomy/39510/
Giant Taro / Manka- Manakanda / Mahacchada / Mahatpatra / Pankanca,Alocasia macrorrhizos,59,57,2,https://www.ncbi.nlm.nih.gov/datasets/taxonomy/4456/
Giloy / Guduchi / Guluncha,Tinospora cordifolia,"5,767",267,"5,498",https://www.ncbi.nlm.nih.gov/datasets/taxonomy/285590/
Ginger,Zingiber officinale,"1,66,970",918,"1,40,316",https://www.ncbi.nlm.nih.gov/datasets/taxonomy/94328/
Ginkgo / Maidenhair tree,Ginkgo biloba,"22,798",811,"21,981",https://www.ncbi.nlm.nih.gov/datasets/taxonomy/3311/
Globe Artichoke,Cynara cardunculus,"1,10,590","32,020","74,785",https://www.ncbi.nlm.nih.gov/datasets/taxonomy/4265/
Globeflower,Trollius europaeus,42,42,0,https://www.ncbi.nlm.nih.gov/datasets/taxonomy/212754/
Goat willow,Salix caprea,533,246,287,https://www.ncbi.nlm.nih.gov/datasets/taxonomy/172267/
Gojiberry / Wolfberry,Lycium barbarum,"70,832",880,"52,302",https://www.ncbi.nlm.nih.gov/datasets/taxonomy/112863/
Golden root / Arctic root / Rose root,Rhodiola rosea,624,572,48,https://www.ncbi.nlm.nih.gov/datasets/taxonomy/203015/
Golden shower,Cassia fistula,124,124,0,https://www.ncbi.nlm.nih.gov/datasets/taxonomy/53852/
Goldenseal,Hydrastis canadensis,160,145,15,https://www.ncbi.nlm.nih.gov/datasets/taxonomy/13569/
Gotu kola / Asiatic pennywort / Sheep-rot / Thankuni / Mandukparni,Centella asiatica,"4,819",268,"4,551",https://www.ncbi.nlm.nih.gov/datasets/taxonomy/48106/
Grape,Vitis vinifera,"1,064,734","3,13,563","5,49,912",https://www.ncbi.nlm.nih.gov/datasets/taxonomy/29760/
Great Burdock,Arctium lappa,548,548,0,https://www.ncbi.nlm.nih.gov/datasets/taxonomy/124778/
Griffith's Anise / Chinese Star Anise,Illicium verum,558,553,5,https://www.ncbi.nlm.nih.gov/datasets/taxonomy/4217/
Guggal Dhoop,Commiphora wightii,152,68,84,https://www.ncbi.nlm.nih.gov/datasets/taxonomy/246360/
Guggulu / Indian Bdelium,Commiphora mukul Engl,2,2,0,https://www.ncbi.nlm.nih.gov/datasets/taxonomy/2067815/
Gurmar / Madhunashini,Gymnema sylvestre,379,175,203,https://www.ncbi.nlm.nih.gov/datasets/taxonomy/4068/
Hair amaranth,Amaranthus caudatus,112,109,3,https://www.ncbi.nlm.nih.gov/datasets/taxonomy/3567/
Happy tree,Camptotheca acuminata,"1,20,694",109,"1,20,585",https://www.ncbi.nlm.nih.gov/datasets/taxonomy/16922/
Hargoza,Acanthus illicifolius L.,484,463,21,https://www.ncbi.nlm.nih.gov/datasets/taxonomy/328098/
Harikokthong,Artocarpus lacucha,128,127,1,https://www.ncbi.nlm.nih.gov/datasets/taxonomy/382341/
Hawthorn,Cratageus monogyna,227,208,19,https://www.ncbi.nlm.nih.gov/datasets/taxonomy/140997/
Hazelnut,Corylus avellana,"77,960","1,442","73,342",https://www.ncbi.nlm.nih.gov/datasets/taxonomy/13451/
Hemlock,Conium maculatum,340,333,7,https://www.ncbi.nlm.nih.gov/datasets/taxonomy/13447/
Himalayan white lily,Lilium polyphyllum,3,3,0,https://www.ncbi.nlm.nih.gov/datasets/taxonomy/1948900/
Hop bush,Dodonaea viscosa,286,286,0,https://www.ncbi.nlm.nih.gov/datasets/taxonomy/151065/
Horse chestnut,Aesculus hippocastanum,137,136,1,https://www.ncbi.nlm.nih.gov/datasets/taxonomy/43364/
Horsetail,Equisetum arvense,224,212,12,https://www.ncbi.nlm.nih.gov/datasets/taxonomy/3258/
Huang qi,Astragalus membranaceus,483,382,101,https://www.ncbi.nlm.nih.gov/datasets/taxonomy/649199/
Hyssop,Dracocephalum officinale,44,37,7,https://www.ncbi.nlm.nih.gov/datasets/taxonomy/39324/
Indian bael,Aegle marmelos,111,102,9,https://www.ncbi.nlm.nih.gov/datasets/taxonomy/68527/
Indian Sandalwood / White sandalwood / Chandana,Santalum album,801,357,442,https://www.ncbi.nlm.nih.gov/datasets/taxonomy/35974/
Ipecac,Carapichea ipecacuanha,326,285,41,https://www.ncbi.nlm.nih.gov/datasets/taxonomy/77880/
Irish moss,Chondrus crispus,"16,027","2,282","13,744",https://www.ncbi.nlm.nih.gov/datasets/taxonomy/2769/
Isabgol,Plantago ovata,246,155,86,https://www.ncbi.nlm.nih.gov/datasets/taxonomy/185002/
Ivy,Hedera helix,804,585,217,https://www.ncbi.nlm.nih.gov/datasets/taxonomy/4052/
Jamun / Jaman / Jambolan / Java-plum,Syzygium cumini,113,112,1,https://www.ncbi.nlm.nih.gov/datasets/taxonomy/260142/
Jasmine / Common Jasmine,Jasminum officinale,5,5,0,https://www.ncbi.nlm.nih.gov/datasets/taxonomy/126433/
Jatamansi,Nardostachys jatamansi,124,118,6,https://www.ncbi.nlm.nih.gov/datasets/taxonomy/179860/
Javanese turmeric / Temu lawak,Curcuma xanthorrhiza,83,80,3,https://www.ncbi.nlm.nih.gov/datasets/taxonomy/136222/
Jharberi / Chanibor / Chanya-bor,Ziziphus nummularia (Burm.f.) Wight & Arn.,"3,565",31,"3,534",https://www.ncbi.nlm.nih.gov/datasets/taxonomy/498071/
Jiaogulan,Gynostemma pentaphyllum,325,279,45,https://www.ncbi.nlm.nih.gov/datasets/taxonomy/182084/
Jimikand / Elephant yam,Amorphophallus paeoniifolius var. campanulatus,11,9,2,https://www.ncbi.nlm.nih.gov/datasets/taxonomy/203634/
John's wort,Hypericum perforatum,700,364,187,https://www.ncbi.nlm.nih.gov/datasets/taxonomy/65561/
Jojoba / Goatnut,Simmondsia chinensis,"79,664",120,400,https://www.ncbi.nlm.nih.gov/datasets/taxonomy/3999/
Kaffir lime,Citrus hystrix,47,45,2,https://www.ncbi.nlm.nih.gov/datasets/taxonomy/170989/
Kadirkasth / Cutch Tree,Senegalia catechu,36,36,0,https://www.ncbi.nlm.nih.gov/datasets/taxonomy/138017/
Kaju,Anacardium occidentale L.,132,99,33,https://www.ncbi.nlm.nih.gov/datasets/taxonomy/171929/
Kakrai,Abutilon pannosum (Forst.) Schlect.,16,16,0,https://www.ncbi.nlm.nih.gov/datasets/taxonomy/1917650/
Kalijhant,Adiantum philippense L.,146,146,0,https://www.ncbi.nlm.nih.gov/datasets/taxonomy/1073793/
kaner,Nerium oleander,290,274,16,https://www.ncbi.nlm.nih.gov/datasets/taxonomy/63479/
Kanghi / Kakahi,Abutilon indicum (L.) Sweet,71,71,0,https://www.ncbi.nlm.nih.gov/datasets/taxonomy/318060/
Kantikari / Eggplant / Yellow-fruit nightshade / Aubergine,Solanum virginianum,"1,25,255","27,103","98,152",https://www.ncbi.nlm.nih.gov/datasets/taxonomy/223891/
Karanj seed,Pongamia pinnata,361,304,56,https://www.ncbi.nlm.nih.gov/datasets/taxonomy/56065/
Karvanda,Carissa spinarum L.,41,41,0,https://www.ncbi.nlm.nih.gov/datasets/taxonomy/429256/
Kauch beej,Mucuna pruriens,"15,875","15,864",10,https://www.ncbi.nlm.nih.gov/datasets/taxonomy/157652/
Kava,Piper methysticum,70,46,23,https://www.ncbi.nlm.nih.gov/datasets/taxonomy/130404/
Kesar / Saffron,Crocus sativus,"7,576",449,"7,127",https://www.ncbi.nlm.nih.gov/datasets/taxonomy/82528/
Ketaki / Crepe Ginger,Hellenia speciosa,58,53,5,https://www.ncbi.nlm.nih.gov/datasets/taxonomy/49577/
Kirayte,Andrographis paniculata (Burm.f.) wall.,"47,325",451,"40,756",https://www.ncbi.nlm.nih.gov/datasets/taxonomy/175694/
Kokum,Garcinia indica,44,44,0,https://www.ncbi.nlm.nih.gov/datasets/taxonomy/547469/
Konjac / Devil's-tongue / Elephant-yam / Konnyaku / mo-yu,Amorphophallus konjac,210,197,13,https://www.ncbi.nlm.nih.gov/datasets/taxonomy/78372/
Korean Mint / Purple giant hyssop,Agastache rugosa,420,144,276,https://www.ncbi.nlm.nih.gov/datasets/taxonomy/39271/
Kulanjan / Greater galangal / Siamese-ginger,Alpinia galanga,193,192,1,https://www.ncbi.nlm.nih.gov/datasets/taxonomy/94327/
Kurchi / Nagalkudo / Tellicherry bark,Holarrhena antidysenterica,76,71,5,https://www.ncbi.nlm.nih.gov/datasets/taxonomy/69381/
Kuthap,Clerodendrum chinense,26,26,0,https://www.ncbi.nlm.nih.gov/datasets/taxonomy/54464/
Kutki,Picrorhiza kurrooa,"35,085",92,"34,993",https://www.ncbi.nlm.nih.gov/datasets/taxonomy/195120/
Lady's mantle,Alchemilla vulgaris,15,15,0,https://www.ncbi.nlm.nih.gov/datasets/taxonomy/49855/
Lai peruk,Hydrocotyle sibthorpioides,41,39,1,https://www.ncbi.nlm.nih.gov/datasets/taxonomy/4049/
Latjira,Achyranthes aspera,180,157,23,https://www.ncbi.nlm.nih.gov/datasets/taxonomy/240005/
Lavender,Lavandula angustifolia,251,144,105,https://www.ncbi.nlm.nih.gov/datasets/taxonomy/39329/
Lemon,Citrus limon,"2,693",240,"1,620",https://www.ncbi.nlm.nih.gov/datasets/taxonomy/2708/
Lemon Balm / Common balm / Sweet balm,Melissa officinalis,81,68,13,https://www.ncbi.nlm.nih.gov/datasets/taxonomy/39338/
Lemongrass,Cymbopogon citratus,111,111,0,https://www.ncbi.nlm.nih.gov/datasets/taxonomy/66014/
Lemon verbena,Aloysia citrodora,37,37,0,https://www.ncbi.nlm.nih.gov/datasets/taxonomy/925377/
Lettuce,Lactuca sativa,"2,05,581","2,823","1,81,389",https://www.ncbi.nlm.nih.gov/datasets/taxonomy/4236/
Licorice / Mulethi,Glycyrrhiza glabra,622,218,404,https://www.ncbi.nlm.nih.gov/datasets/taxonomy/49827/
Long pepper / Pippali,Piper longum,113,50,63,https://www.ncbi.nlm.nih.gov/datasets/taxonomy/49511/
Lovage,Levisticum officinale,49,49,0,https://www.ncbi.nlm.nih.gov/datasets/taxonomy/48042/
Ma Huang,Ephedra sinica,334,311,23,https://www.ncbi.nlm.nih.gov/datasets/taxonomy/33152/
Madhu Malati / Rangoon Creeper / Burma Creeper / Chinese Honeysuckle / Parijat,Combretum indicum,116,116,0,https://www.ncbi.nlm.nih.gov/datasets/taxonomy/3956/
Mahoor,Aconitum novoluridum,13,13,0,https://www.ncbi.nlm.nih.gov/datasets/taxonomy/1905856/
Makoy,Solanum nigrum,635,441,194,https://www.ncbi.nlm.nih.gov/datasets/taxonomy/4112/
Malabar Nut,Justicia adhatoda,144,144,0,https://www.ncbi.nlm.nih.gov/datasets/taxonomy/141317/
Malkangiri / Staff Tree,Celastrus paniculatus,80,80,0,https://www.ncbi.nlm.nih.gov/datasets/taxonomy/994668/
Mallow,Malva sylvestris,104,104,0,https://www.ncbi.nlm.nih.gov/datasets/taxonomy/145754/
Man orchid,Orchis mascula,39,39,0,https://www.ncbi.nlm.nih.gov/datasets/taxonomy/59338/
Mango,Mangifera indica,"1,49,634","1,909","54,313",https://www.ncbi.nlm.nih.gov/datasets/taxonomy/29780/
Manjistha,Rubia cordifolia,295,243,52,https://www.ncbi.nlm.nih.gov/datasets/taxonomy/339321/
Marigold,Tagetes erecta Linn.,341,272,68,https://www.ncbi.nlm.nih.gov/datasets/taxonomy/13708/
Marsh mallow / White mallow,Althaea officinalis,80,61,18,https://www.ncbi.nlm.nih.gov/datasets/taxonomy/145745/
Milk thistle / Holy thistle / Lady's thistle,Silybum marianum,232,147,85,https://www.ncbi.nlm.nih.gov/datasets/taxonomy/92921/
Moringa / Horseradish tree / Drumstick tree,Moringa oleifera,672,627,44,https://www.ncbi.nlm.nih.gov/datasets/taxonomy/3735/
Mugwort,Artemisia vulgaris,292,263,29,https://www.ncbi.nlm.nih.gov/datasets/taxonomy/4220/
Mulberry,Morus spp.,"1,04,173","65,140","36,786",https://www.ncbi.nlm.nih.gov/datasets/taxonomy/3497/
Myrobalan / Black myrobalan / harra / Haritaki,Terminalia chebula,166,166,0,https://www.ncbi.nlm.nih.gov/datasets/taxonomy/155022/
Myrrh,Commiphora myrrha,11,11,0,https://www.ncbi.nlm.nih.gov/datasets/taxonomy/318982/
Nayantara / Sadafuli,Catharanthus roseus (L.) G. Don,"1,08,774","1,453","1,07,318",https://www.ncbi.nlm.nih.gov/datasets/taxonomy/4058/
Neem / Indian-lilac / Margosa,Azadirachta indica,"1,265",173,"1,092",https://www.ncbi.nlm.nih.gov/datasets/taxonomy/124943/
Nut Grass / Nagarmotha,Cyperus rotundus Linn,641,637,4,https://www.ncbi.nlm.nih.gov/datasets/taxonomy/512623/
Nutmeg,Myristica fragrans,122,115,7,https://www.ncbi.nlm.nih.gov/datasets/taxonomy/51089/
Oats,Avena sativa,"80,065","4,268","25,599",https://www.ncbi.nlm.nih.gov/datasets/taxonomy/4498/
Okinawan spinach,Gynura bicolor,58,24,34,https://www.ncbi.nlm.nih.gov/datasets/taxonomy/714476/
Olive,Olea europaea,"3,80,481","60,739","1,53,240",https://www.ncbi.nlm.nih.gov/datasets/taxonomy/4146/
Oregano,Origanum vulgare,368,346,22,https://www.ncbi.nlm.nih.gov/datasets/taxonomy/39352/
Osha,Ligusticum porteri,2,2,0,https://www.ncbi.nlm.nih.gov/datasets/taxonomy/54719/
Pacific yew,Taxus brevifolia,75,70,5,https://www.ncbi.nlm.nih.gov/datasets/taxonomy/46220/
Palasha / Flame of forest / Bengal kino,Butea monosperma,77,77,0,https://www.ncbi.nlm.nih.gov/datasets/taxonomy/56060/
Panax ginseng C.A. Mey,Panax ginseng,"1,05,890","5,183","1,00,703",https://www.ncbi.nlm.nih.gov/datasets/taxonomy/4054/
Pangar,Aesculus indica,44,44,0,https://www.ncbi.nlm.nih.gov/datasets/taxonomy/531823/
Papaya / Mamon,Carica papaya,"1,80,904","73,213","1,03,884",https://www.ncbi.nlm.nih.gov/datasets/taxonomy/3649/
Parsley,Petroselinum crispum,508,395,111,https://www.ncbi.nlm.nih.gov/datasets/taxonomy/4043/
Partridgeberry,Mitchella repens,130,130,0,https://www.ncbi.nlm.nih.gov/datasets/taxonomy/45181/
Patha / Velvet Leaf Tree,Cissampelos pareira Linn,90,90,0,https://www.ncbi.nlm.nih.gov/datasets/taxonomy/108409/
Patharchur,Plectranthus barbatus,"3,415",73,"3,341",https://www.ncbi.nlm.nih.gov/datasets/taxonomy/41228/
Pennyroyal,Mentha pulegium,65,63,2,https://www.ncbi.nlm.nih.gov/datasets/taxonomy/294739/
Peppermint,Mentha piperita,"1,747",343,"1,404",https://www.ncbi.nlm.nih.gov/datasets/taxonomy/34256/
Perilla / Beefsteak-mint,Perilla frutescens var. crispa,"7,000","1,390","5,610",https://www.ncbi.nlm.nih.gov/datasets/taxonomy/48386/
Periwinkle / Vinca / Madagascar periwinkle,Catharanthus roseus,"1,08,774","1,453","1,07,318",https://www.ncbi.nlm.nih.gov/datasets/taxonomy/4058/
Persian violet,Cyclamen persicum,"2,160",52,"2,108",https://www.ncbi.nlm.nih.gov/datasets/taxonomy/87530/
Persimmon,Diospyros kaki,"15,923",832,"15,089",https://www.ncbi.nlm.nih.gov/datasets/taxonomy/35925/
Peruk,Centella asiatica,"4,819",268,"4,551",https://www.ncbi.nlm.nih.gov/datasets/taxonomy/48106/
Pineapple,Ananas comosus,"77,545","8,567","60,706",https://www.ncbi.nlm.nih.gov/datasets/taxonomy/4615/
Pisa / Tudambo / Oriya / Galavaara / Tali,Actinodaphne hookeri,3,3,0,https://www.ncbi.nlm.nih.gov/datasets/taxonomy/1941424/
Pokeweed / American Pokeweed,Phytolacca americana,"1,025",225,798,https://www.ncbi.nlm.nih.gov/datasets/taxonomy/3527/
Pomegranate,Punica granatum,"1,29,619","8,556","49,029",https://www.ncbi.nlm.nih.gov/datasets/taxonomy/22663/
Pungphai / Egyptian crowfoot grass / Duck grass,Dactyloctenium aegyptium,149,149,0,https://www.ncbi.nlm.nih.gov/datasets/taxonomy/270102/
Poppy / Opium poppy,Papaver somniferum,"1,85,168","36,092","1,05,347",https://www.ncbi.nlm.nih.gov/datasets/taxonomy/3469/
Primrose oil,Oenothera biennis,187,161,26,https://www.ncbi.nlm.nih.gov/datasets/taxonomy/3942/
Pumpkin,Cucurbita pepo,"74,086","25,056","43,614",https://www.ncbi.nlm.nih.gov/datasets/taxonomy/3663/
Puncture vine,Tribulus terrestris,222,222,0,https://www.ncbi.nlm.nih.gov/datasets/taxonomy/210369/
Pyaj / Onion,Allium cepa Linn,"6,09,552","11,907","1,01,359",https://www.ncbi.nlm.nih.gov/datasets/taxonomy/4679/
Quina / Chard,Chenopodium quinoa,"79,883","4,587","63,550",https://www.ncbi.nlm.nih.gov/datasets/taxonomy/63459/
Radish,Raphanus sativus,"3,89,709","95,402","2,44,471",https://www.ncbi.nlm.nih.gov/datasets/taxonomy/3726/
Raktachandana,Pterocarpus santalinus,169,169,0,https://www.ncbi.nlm.nih.gov/datasets/taxonomy/1071199/
Ramtulsi,Ocimum gratissimum,133,117,16,https://www.ncbi.nlm.nih.gov/datasets/taxonomy/204144/
Ratti / Rosary Pea,Abrus precatorius,"44,873",246,"40,065",https://www.ncbi.nlm.nih.gov/datasets/taxonomy/3816/
Red clover,Trifolium pratense,"3,04,117","1,57,451","86,129",https://www.ncbi.nlm.nih.gov/datasets/taxonomy/57577/
Reed / Giant reed,Arundo donax,"2,84,178",567,7,https://www.ncbi.nlm.nih.gov/datasets/taxonomy/35708/
Rooibos,Aspalathus linearis,116,116,0,https://www.ncbi.nlm.nih.gov/datasets/taxonomy/155124/
Roselle,Hibiscus sabdariffa,"4,372","4,338",34,https://www.ncbi.nlm.nih.gov/datasets/taxonomy/183260/
Rosemary,Salvia rosmarinus,179,154,25,https://www.ncbi.nlm.nih.gov/datasets/taxonomy/39367/
Rui,Calotropis gigantea (L.) W.T.Aiton,47,31,16,https://www.ncbi.nlm.nih.gov/datasets/taxonomy/4066/
Rye,Secale cereale,"69,379","12,626","9,590",https://www.ncbi.nlm.nih.gov/datasets/taxonomy/4550/
Safflower,Carthamus tinctorius,"43,147","1,388","41,759",https://www.ncbi.nlm.nih.gov/datasets/taxonomy/4222/
Sagargota / Bonduc nut / Yellow nicker,Guilandina bonduc,129,122,7,https://www.ncbi.nlm.nih.gov/datasets/taxonomy/191881/
Sage / Garden sage,Salvia officinalis,918,843,75,https://www.ncbi.nlm.nih.gov/datasets/taxonomy/38868/
Salai Guggal / Indian Olibanum / Indian frankincense,Boswellia serrata,32,27,5,https://www.ncbi.nlm.nih.gov/datasets/taxonomy/613112/
Salpani / Shalparni / Shal Leafed Bush,Pleurolobus gangeticus,110,110,0,https://www.ncbi.nlm.nih.gov/datasets/taxonomy/670324/
Sankarjata,Uraria picta,41,41,0,https://www.ncbi.nlm.nih.gov/datasets/taxonomy/1034059/
Sarpagandha / Serpentwood,Rauvolfia serpentina,"99,649",100,"99,549",https://www.ncbi.nlm.nih.gov/datasets/taxonomy/4060/
Sassafras,Sassafras albidum,77,75,2,https://www.ncbi.nlm.nih.gov/datasets/taxonomy/46945/
Saton / Chitvan / Dita / Milky pine,Alstonia scholaris,153,141,12,https://www.ncbi.nlm.nih.gov/datasets/taxonomy/52822/
Senna,Senna alexandrina,95,82,10,https://www.ncbi.nlm.nih.gov/datasets/taxonomy/72402/
Shatavari,Asparagus racemosus,175,73,102,https://www.ncbi.nlm.nih.gov/datasets/taxonomy/272846/
Shepherd's purse,Capsella bursa-pastoris,"4,472","4,399",73,https://www.ncbi.nlm.nih.gov/datasets/taxonomy/3719/
Shirish / Siris Tree,Albizia lebbeck,63,63,0,https://www.ncbi.nlm.nih.gov/datasets/taxonomy/371650/
Siberian Ginseng,Eleutherococcus senticosus,"3,836",460,"3,376",https://www.ncbi.nlm.nih.gov/datasets/taxonomy/82096/
Sitaphal / Custard Apple,Annona reticulata,38,38,0,https://www.ncbi.nlm.nih.gov/datasets/taxonomy/301862/
Skullcap,Scutellaria lateriflora,52,46,6,https://www.ncbi.nlm.nih.gov/datasets/taxonomy/233893/
Sorrel,Rumex acetosa,"32,373",375,11,https://www.ncbi.nlm.nih.gov/datasets/taxonomy/41241/
Spinach,Spinacia oleracea,"3,57,534","1,08,557","2,31,173",https://www.ncbi.nlm.nih.gov/datasets/taxonomy/3562/
Spreading Hogweed / Punarnava,Boerhavia diffusa,132,65,67,https://www.ncbi.nlm.nih.gov/datasets/taxonomy/930814/
Stavesacre,Staphisagria macrosperma,15,15,0,https://www.ncbi.nlm.nih.gov/datasets/taxonomy/104301/
Stevia,Stevia rebaudiana,"36,993","1,559","5,678",https://www.ncbi.nlm.nih.gov/datasets/taxonomy/55670/
Summer savory,Satureja hortensis,43,41,2,https://www.ncbi.nlm.nih.gov/datasets/taxonomy/49987/
Supari / Areca Nut / Betelnut,Areca catechu,180,169,10,https://www.ncbi.nlm.nih.gov/datasets/taxonomy/184783/
Sweet flag / Flagroot / Bach / Vaikhand,Acorus calamus,895,635,260,https://www.ncbi.nlm.nih.gov/datasets/taxonomy/4465/
Sweet potato,Ipomoea batatas,"4,47,767","26,749","91,914",https://www.ncbi.nlm.nih.gov/datasets/taxonomy/4120/
Sweet wormwood,Artemisia annua,"3,78,919","17,425","3,61,494",https://www.ncbi.nlm.nih.gov/datasets/taxonomy/35608/
Tamalpatra / Cinnamon Leaf / Tejpatta,Cinnamomum tamala,57,57,0,https://www.ncbi.nlm.nih.gov/datasets/taxonomy/397098/
Tangerine / Mandarin orange,Citrus reticulata,"56,945",653,"56,292",https://www.ncbi.nlm.nih.gov/datasets/taxonomy/85571/
Tarragon,Artemisia dracunculus,180,180,0,https://www.ncbi.nlm.nih.gov/datasets/taxonomy/72341/
Tea plant / Black tea,Camellia sinensis,"5,18,888","21,738","2,81,992",https://www.ncbi.nlm.nih.gov/datasets/taxonomy/4442/
Tea tree oil,Melaleuca alternifolia,540,46,494,https://www.ncbi.nlm.nih.gov/datasets/taxonomy/164405/
Thyme / Garden thyme,Thymus vulgaris,150,104,46,https://www.ncbi.nlm.nih.gov/datasets/taxonomy/49992/
Tinda,Benincasa fistulosa,37,37,0,https://www.ncbi.nlm.nih.gov/datasets/taxonomy/252558/
Tinshibi / Fever nut / Kuberakshi / Yellow nicker,Guilandina bonduc,129,122,7,https://www.ncbi.nlm.nih.gov/datasets/taxonomy/191881/
Tomato,Solanum lycopersicum,"8,12,047","4,33,028","3,63,268",https://www.ncbi.nlm.nih.gov/datasets/taxonomy/4081/
Tongkat ali,Eurycoma longifolia,121,74,46,https://www.ncbi.nlm.nih.gov/datasets/taxonomy/458531/
Trayamana,Gentiana kurroo,18,18,0,https://www.ncbi.nlm.nih.gov/datasets/taxonomy/1523243/
Tulsi / Holy basil,Ocimum tenuiflorum,352,198,148,https://www.ncbi.nlm.nih.gov/datasets/taxonomy/204149/
Utangan / Vellurana,Blepharis edulis,9,9,0,https://www.ncbi.nlm.nih.gov/datasets/taxonomy/328124/
Vai vidang,Embelia ribes,132,132,0,https://www.ncbi.nlm.nih.gov/datasets/taxonomy/459629/
Vajradanti,Barleria prionitis,28,28,0,https://www.ncbi.nlm.nih.gov/datasets/taxonomy/4189/
Valerian / Common valerian / Garden heliotrope,Valeriana officinalis,304,129,175,https://www.ncbi.nlm.nih.gov/datasets/taxonomy/19953/
Varun / Three Leafed Caper,Crataeva nurvala,4,4,0,https://www.ncbi.nlm.nih.gov/datasets/taxonomy/1149812/
Vatsnabh / Meetha Vish / Monks hood,Aconitum ferox,22,22,0,https://www.ncbi.nlm.nih.gov/datasets/taxonomy/50866/
Vrishchikali / Spreading hogweed-erect,Boerhavia Erecta,21,21,0,https://www.ncbi.nlm.nih.gov/datasets/taxonomy/363203/
Wheatgrass / Bread wheat / Canadian hard winter wheat / common wheat / wheat,Triticum aestivum,"2,826,558","187,727","2,128,365",https://www.ncbi.nlm.nih.gov/datasets/taxonomy/4565/
White turmeric,Curcuma zedoaria,156,152,3,https://www.ncbi.nlm.nih.gov/datasets/taxonomy/136224/
Wild turmeric,Curcuma aromatica,241,234,7,https://www.ncbi.nlm.nih.gov/datasets/taxonomy/136209/
Wild yam,Dioscorea villosa,60,53,7,https://www.ncbi.nlm.nih.gov/datasets/taxonomy/330167/
Windflower,Anemone nemorosa,60,50,10,https://www.ncbi.nlm.nih.gov/datasets/taxonomy/37489/
Winter savory,Satureja montana,29,29,0,https://www.ncbi.nlm.nih.gov/datasets/taxonomy/49988/
Yarrow,Achillea millefolium,"1,043","1,030",12,https://www.ncbi.nlm.nih.gov/datasets/taxonomy/13329/
Yellow groundsel / Italian starwort,Aster amellus,650,650,0,https://www.ncbi.nlm.nih.gov/datasets/taxonomy/72897/
Yenam / Maroi nakuppi,Allium hookeri,81,79,2,https://www.ncbi.nlm.nih.gov/datasets/taxonomy/105303/
Yerba santa,Eriodictyon californicum,14,14,0,https://www.ncbi.nlm.nih.gov/datasets/taxonomy/4132/
